x,y,heading,length,width,agent_name,agent_id,agent_type,frame,mode_k
1763.4502,1212.4492,-0.84992087,4.084000110626221,1.7300000190734863,ego,0,1,28,0
1763.4502,1212.4492,-0.84992087,4.084000110626221,1.7300000190734863,ego,0,1,28,1
1763.4502,1212.4492,-0.84992087,4.084000110626221,1.7300000190734863,ego,0,1,28,2
1763.4502,1212.4492,-0.84992087,4.084000110626221,1.7300000190734863,ego,0,1,28,3
1763.4502,1212.4492,-0.84992087,4.084000110626221,1.7300000190734863,ego,0,1,28,4
1771.9662,1225.7842,-3.6683736,5.5320000648498535,2.2660000324249268,25538bc4f4fc4606a772f0edbfea7250,1,1,28,0
1771.9662,1225.7842,-3.6683736,5.5320000648498535,2.2660000324249268,25538bc4f4fc4606a772f0edbfea7250,1,1,28,1
1771.9662,1225.7842,-3.6683736,5.5320000648498535,2.2660000324249268,25538bc4f4fc4606a772f0edbfea7250,1,1,28,2
1771.9662,1225.7842,-3.6683736,5.5320000648498535,2.2660000324249268,25538bc4f4fc4606a772f0edbfea7250,1,1,28,3
1771.9662,1225.7842,-3.6683736,5.5320000648498535,2.2660000324249268,25538bc4f4fc4606a772f0edbfea7250,1,1,28,4
1769.9352,1235.2863,-0.4115804,1.156000018119812,0.6940000057220459,6ed5e2dda54c4c2dadc867a63e69bd66,2,2,28,0
1769.9352,1235.2863,-0.4115804,1.156000018119812,0.6940000057220459,6ed5e2dda54c4c2dadc867a63e69bd66,2,2,28,1
1769.9352,1235.2863,-0.4115804,1.156000018119812,0.6940000057220459,6ed5e2dda54c4c2dadc867a63e69bd66,2,2,28,2
1769.9352,1235.2863,-0.4115804,1.156000018119812,0.6940000057220459,6ed5e2dda54c4c2dadc867a63e69bd66,2,2,28,3
1769.9352,1235.2863,-0.4115804,1.156000018119812,0.6940000057220459,6ed5e2dda54c4c2dadc867a63e69bd66,2,2,28,4
1748.3651,1246.6713,-3.6731153,4.644000053405762,2.0840001106262207,c2f0c60040474dc785e3d5a95d103875,3,1,28,0
1748.3651,1246.6713,-3.6731153,4.644000053405762,2.0840001106262207,c2f0c60040474dc785e3d5a95d103875,3,1,28,1
1748.3651,1246.6713,-3.6731153,4.644000053405762,2.0840001106262207,c2f0c60040474dc785e3d5a95d103875,3,1,28,2
1748.3651,1246.6713,-3.6731153,4.644000053405762,2.0840001106262207,c2f0c60040474dc785e3d5a95d103875,3,1,28,3
1748.3651,1246.6713,-3.6731153,4.644000053405762,2.0840001106262207,c2f0c60040474dc785e3d5a95d103875,3,1,28,4
1728.3131,1228.0652,-3.6851287,9.991999626159668,3.3510000705718994,a0281b5e78a341fba192058740d30513,4,1,28,0
1728.3131,1228.0652,-3.6851287,9.991999626159668,3.3510000705718994,a0281b5e78a341fba192058740d30513,4,1,28,1
1728.3131,1228.0652,-3.6851287,9.991999626159668,3.3510000705718994,a0281b5e78a341fba192058740d30513,4,1,28,2
1728.3131,1228.0652,-3.6851287,9.991999626159668,3.3510000705718994,a0281b5e78a341fba192058740d30513,4,1,28,3
1728.3131,1228.0652,-3.6851287,9.991999626159668,3.3510000705718994,a0281b5e78a341fba192058740d30513,4,1,28,4
1764.2296,1211.5452,-0.8686645,4.084000110626221,1.7300000190734863,ego,0,1,29,0
1764.2296,1211.5452,-0.8686645,4.084000110626221,1.7300000190734863,ego,0,1,29,1
1764.2296,1211.5452,-0.8686645,4.084000110626221,1.7300000190734863,ego,0,1,29,2
1764.2296,1211.5452,-0.8686645,4.084000110626221,1.7300000190734863,ego,0,1,29,3
1764.2296,1211.5452,-0.8686645,4.084000110626221,1.7300000190734863,ego,0,1,29,4
1770.4514,1226.6843,-3.687117,5.5320000648498535,2.2660000324249268,25538bc4f4fc4606a772f0edbfea7250,1,1,29,0
1770.4514,1226.6843,-3.687117,5.5320000648498535,2.2660000324249268,25538bc4f4fc4606a772f0edbfea7250,1,1,29,1
1770.4514,1226.6843,-3.687117,5.5320000648498535,2.2660000324249268,25538bc4f4fc4606a772f0edbfea7250,1,1,29,2
1770.4514,1226.6843,-3.687117,5.5320000648498535,2.2660000324249268,25538bc4f4fc4606a772f0edbfea7250,1,1,29,3
1770.4514,1226.6843,-3.687117,5.5320000648498535,2.2660000324249268,25538bc4f4fc4606a772f0edbfea7250,1,1,29,4
1770.528,1235.0226,-0.42533088,1.156000018119812,0.6940000057220459,6ed5e2dda54c4c2dadc867a63e69bd66,2,2,29,0
1770.528,1235.0226,-0.42533088,1.156000018119812,0.6940000057220459,6ed5e2dda54c4c2dadc867a63e69bd66,2,2,29,1
1770.528,1235.0226,-0.42533088,1.156000018119812,0.6940000057220459,6ed5e2dda54c4c2dadc867a63e69bd66,2,2,29,2
1770.528,1235.0226,-0.42533088,1.156000018119812,0.6940000057220459,6ed5e2dda54c4c2dadc867a63e69bd66,2,2,29,3
1770.528,1235.0226,-0.42533088,1.156000018119812,0.6940000057220459,6ed5e2dda54c4c2dadc867a63e69bd66,2,2,29,4
1748.3717,1246.6672,-3.6918588,4.644000053405762,2.0840001106262207,c2f0c60040474dc785e3d5a95d103875,3,1,29,0
1748.3717,1246.6672,-3.6918588,4.644000053405762,2.0840001106262207,c2f0c60040474dc785e3d5a95d103875,3,1,29,1
1748.3717,1246.6672,-3.6918588,4.644000053405762,2.0840001106262207,c2f0c60040474dc785e3d5a95d103875,3,1,29,2
1748.3717,1246.6672,-3.6918588,4.644000053405762,2.0840001106262207,c2f0c60040474dc785e3d5a95d103875,3,1,29,3
1748.3717,1246.6672,-3.6918588,4.644000053405762,2.0840001106262207,c2f0c60040474dc785e3d5a95d103875,3,1,29,4
1728.4276,1227.9946,-3.7038722,9.991999626159668,3.3510000705718994,a0281b5e78a341fba192058740d30513,4,1,29,0
1728.4276,1227.9946,-3.7038722,9.991999626159668,3.3510000705718994,a0281b5e78a341fba192058740d30513,4,1,29,1
1728.4276,1227.9946,-3.7038722,9.991999626159668,3.3510000705718994,a0281b5e78a341fba192058740d30513,4,1,29,2
1728.4276,1227.9946,-3.7038722,9.991999626159668,3.3510000705718994,a0281b5e78a341fba192058740d30513,4,1,29,3
1728.4276,1227.9946,-3.7038722,9.991999626159668,3.3510000705718994,a0281b5e78a341fba192058740d30513,4,1,29,4
1764.9902,1210.6288,-0.88740814,4.084000110626221,1.7300000190734863,ego,0,1,30,0
1764.9902,1210.6288,-0.88740814,4.084000110626221,1.7300000190734863,ego,0,1,30,1
1764.9902,1210.6288,-0.88740814,4.084000110626221,1.7300000190734863,ego,0,1,30,2
1764.9902,1210.6288,-0.88740814,4.084000110626221,1.7300000190734863,ego,0,1,30,3
1764.9902,1210.6288,-0.88740814,4.084000110626221,1.7300000190734863,ego,0,1,30,4
1768.9562,1227.6112,-3.7058606,5.5320000648498535,2.2660000324249268,25538bc4f4fc4606a772f0edbfea7250,1,1,30,0
1768.9562,1227.6112,-3.7058606,5.5320000648498535,2.2660000324249268,25538bc4f4fc4606a772f0edbfea7250,1,1,30,1
1768.9562,1227.6112,-3.7058606,5.5320000648498535,2.2660000324249268,25538bc4f4fc4606a772f0edbfea7250,1,1,30,2
1768.9562,1227.6112,-3.7058606,5.5320000648498535,2.2660000324249268,25538bc4f4fc4606a772f0edbfea7250,1,1,30,3
1768.9562,1227.6112,-3.7058606,5.5320000648498535,2.2660000324249268,25538bc4f4fc4606a772f0edbfea7250,1,1,30,4
1771.1206,1234.7493,-0.4390814,1.156000018119812,0.6940000057220459,6ed5e2dda54c4c2dadc867a63e69bd66,2,2,30,0
1771.1206,1234.7493,-0.4390814,1.156000018119812,0.6940000057220459,6ed5e2dda54c4c2dadc867a63e69bd66,2,2,30,1
1771.1206,1234.7493,-0.4390814,1.156000018119812,0.6940000057220459,6ed5e2dda54c4c2dadc867a63e69bd66,2,2,30,2
1771.1206,1234.7493,-0.4390814,1.156000018119812,0.6940000057220459,6ed5e2dda54c4c2dadc867a63e69bd66,2,2,30,3
1771.1206,1234.7493,-0.4390814,1.156000018119812,0.6940000057220459,6ed5e2dda54c4c2dadc867a63e69bd66,2,2,30,4
1748.3805,1246.6617,-3.7106023,4.644000053405762,2.0840001106262207,c2f0c60040474dc785e3d5a95d103875,3,1,30,0
1748.3805,1246.6617,-3.7106023,4.644000053405762,2.0840001106262207,c2f0c60040474dc785e3d5a95d103875,3,1,30,1
1748.3805,1246.6617,-3.7106023,4.644000053405762,2.0840001106262207,c2f0c60040474dc785e3d5a95d103875,3,1,30,2
1748.3805,1246.6617,-3.7106023,4.644000053405762,2.0840001106262207,c2f0c60040474dc785e3d5a95d103875,3,1,30,3
1748.3805,1246.6617,-3.7106023,4.644000053405762,2.0840001106262207,c2f0c60040474dc785e3d5a95d103875,3,1,30,4
1728.543,1227.9204,-3.7226157,9.991999626159668,3.3510000705718994,a0281b5e78a341fba192058740d30513,4,1,30,0
1728.543,1227.9204,-3.7226157,9.991999626159668,3.3510000705718994,a0281b5e78a341fba192058740d30513,4,1,30,1
1728.543,1227.9204,-3.7226157,9.991999626159668,3.3510000705718994,a0281b5e78a341fba192058740d30513,4,1,30,2
1728.543,1227.9204,-3.7226157,9.991999626159668,3.3510000705718994,a0281b5e78a341fba192058740d30513,4,1,30,3
1728.543,1227.9204,-3.7226157,9.991999626159668,3.3510000705718994,a0281b5e78a341fba192058740d30513,4,1,30,4
1765.7318,1209.7004,-0.9061517,4.084000110626221,1.7300000190734863,ego,0,1,31,0
1765.7318,1209.7004,-0.9061517,4.084000110626221,1.7300000190734863,ego,0,1,31,1
1765.7318,1209.7004,-0.9061517,4.084000110626221,1.7300000190734863,ego,0,1,31,2
1765.7318,1209.7004,-0.9061517,4.084000110626221,1.7300000190734863,ego,0,1,31,3
1765.7318,1209.7004,-0.9061517,4.084000110626221,1.7300000190734863,ego,0,1,31,4
1767.4808,1228.5645,-3.7246041,5.5320000648498535,2.2660000324249268,25538bc4f4fc4606a772f0edbfea7250,1,1,31,0
1767.4808,1228.5645,-3.7246041,5.5320000648498535,2.2660000324249268,25538bc4f4fc4606a772f0edbfea7250,1,1,31,1
1767.4808,1228.5645,-3.7246041,5.5320000648498535,2.2660000324249268,25538bc4f4fc4606a772f0edbfea7250,1,1,31,2
1767.4808,1228.5645,-3.7246041,5.5320000648498535,2.2660000324249268,25538bc4f4fc4606a772f0edbfea7250,1,1,31,3
1767.4808,1228.5645,-3.7246041,5.5320000648498535,2.2660000324249268,25538bc4f4fc4606a772f0edbfea7250,1,1,31,4
1771.7129,1234.4661,-0.45283186,1.156000018119812,0.6940000057220459,6ed5e2dda54c4c2dadc867a63e69bd66,2,2,31,0
1771.7129,1234.4661,-0.45283186,1.156000018119812,0.6940000057220459,6ed5e2dda54c4c2dadc867a63e69bd66,2,2,31,1
1771.7129,1234.4661,-0.45283186,1.156000018119812,0.6940000057220459,6ed5e2dda54c4c2dadc867a63e69bd66,2,2,31,2
1771.7129,1234.4661,-0.45283186,1.156000018119812,0.6940000057220459,6ed5e2dda54c4c2dadc867a63e69bd66,2,2,31,3
1771.7129,1234.4661,-0.45283186,1.156000018119812,0.6940000057220459,6ed5e2dda54c4c2dadc867a63e69bd66,2,2,31,4
1748.3915,1246.6547,-3.7293458,4.644000053405762,2.0840001106262207,c2f0c60040474dc785e3d5a95d103875,3,1,31,0
1748.3915,1246.6547,-3.7293458,4.644000053405762,2.0840001106262207,c2f0c60040474dc785e3d5a95d103875,3,1,31,1
1748.3915,1246.6547,-3.7293458,4.644000053405762,2.0840001106262207,c2f0c60040474dc785e3d5a95d103875,3,1,31,2
1748.3915,1246.6547,-3.7293458,4.644000053405762,2.0840001106262207,c2f0c60040474dc785e3d5a95d103875,3,1,31,3
1748.3915,1246.6547,-3.7293458,4.644000053405762,2.0840001106262207,c2f0c60040474dc785e3d5a95d103875,3,1,31,4
1728.6592,1227.8425,-3.7413592,9.991999626159668,3.3510000705718994,a0281b5e78a341fba192058740d30513,4,1,31,0
1728.6592,1227.8425,-3.7413592,9.991999626159668,3.3510000705718994,a0281b5e78a341fba192058740d30513,4,1,31,1
1728.6592,1227.8425,-3.7413592,9.991999626159668,3.3510000705718994,a0281b5e78a341fba192058740d30513,4,1,31,2
1728.6592,1227.8425,-3.7413592,9.991999626159668,3.3510000705718994,a0281b5e78a341fba192058740d30513,4,1,31,3
1728.6592,1227.8425,-3.7413592,9.991999626159668,3.3510000705718994,a0281b5e78a341fba192058740d30513,4,1,31,4
1766.4541,1208.7605,-0.92489535,4.084000110626221,1.7300000190734863,ego,0,1,32,0
1766.4541,1208.7605,-0.92489535,4.084000110626221,1.7300000190734863,ego,0,1,32,1
1766.4541,1208.7605,-0.92489535,4.084000110626221,1.7300000190734863,ego,0,1,32,2
1766.4541,1208.7605,-0.92489535,4.084000110626221,1.7300000190734863,ego,0,1,32,3
1766.4541,1208.7605,-0.92489535,4.084000110626221,1.7300000190734863,ego,0,1,32,4
1766.0259,1229.5436,-3.7433476,5.5320000648498535,2.2660000324249268,25538bc4f4fc4606a772f0edbfea7250,1,1,32,0
1766.0259,1229.5436,-3.7433476,5.5320000648498535,2.2660000324249268,25538bc4f4fc4606a772f0edbfea7250,1,1,32,1
1766.0259,1229.5436,-3.7433476,5.5320000648498535,2.2660000324249268,25538bc4f4fc4606a772f0edbfea7250,1,1,32,2
1766.0259,1229.5436,-3.7433476,5.5320000648498535,2.2660000324249268,25538bc4f4fc4606a772f0edbfea7250,1,1,32,3
1766.0259,1229.5436,-3.7433476,5.5320000648498535,2.2660000324249268,25538bc4f4fc4606a772f0edbfea7250,1,1,32,4
1772.3046,1234.1731,-0.46658236,1.156000018119812,0.6940000057220459,6ed5e2dda54c4c2dadc867a63e69bd66,2,2,32,0
1772.3046,1234.1731,-0.46658236,1.156000018119812,0.6940000057220459,6ed5e2dda54c4c2dadc867a63e69bd66,2,2,32,1
1772.3046,1234.1731,-0.46658236,1.156000018119812,0.6940000057220459,6ed5e2dda54c4c2dadc867a63e69bd66,2,2,32,2
1772.3046,1234.1731,-0.46658236,1.156000018119812,0.6940000057220459,6ed5e2dda54c4c2dadc867a63e69bd66,2,2,32,3
1772.3046,1234.1731,-0.46658236,1.156000018119812,0.6940000057220459,6ed5e2dda54c4c2dadc867a63e69bd66,2,2,32,4
1748.4047,1246.6458,-3.7480893,4.644000053405762,2.0840001106262207,c2f0c60040474dc785e3d5a95d103875,3,1,32,0
1748.4047,1246.6458,-3.7480893,4.644000053405762,2.0840001106262207,c2f0c60040474dc785e3d5a95d103875,3,1,32,1
1748.4047,1246.6458,-3.7480893,4.644000053405762,2.0840001106262207,c2f0c60040474dc785e3d5a95d103875,3,1,32,2
1748.4047,1246.6458,-3.7480893,4.644000053405762,2.0840001106262207,c2f0c60040474dc785e3d5a95d103875,3,1,32,3
1748.4047,1246.6458,-3.7480893,4.644000053405762,2.0840001106262207,c2f0c60040474dc785e3d5a95d103875,3,1,32,4
1728.7762,1227.7609,-3.7601027,9.991999626159668,3.3510000705718994,a0281b5e78a341fba192058740d30513,4,1,32,0
1728.7762,1227.7609,-3.7601027,9.991999626159668,3.3510000705718994,a0281b5e78a341fba192058740d30513,4,1,32,1
1728.7762,1227.7609,-3.7601027,9.991999626159668,3.3510000705718994,a0281b5e78a341fba192058740d30513,4,1,32,2
1728.7762,1227.7609,-3.7601027,9.991999626159668,3.3510000705718994,a0281b5e78a341fba192058740d30513,4,1,32,3
1728.7762,1227.7609,-3.7601027,9.991999626159668,3.3510000705718994,a0281b5e78a341fba192058740d30513,4,1,32,4
1767.1571,1207.8094,-0.943639,4.084000110626221,1.7300000190734863,ego,0,1,33,0
1767.1571,1207.8094,-0.943639,4.084000110626221,1.7300000190734863,ego,0,1,33,1
1767.1571,1207.8094,-0.943639,4.084000110626221,1.7300000190734863,ego,0,1,33,2
1767.1571,1207.8094,-0.943639,4.084000110626221,1.7300000190734863,ego,0,1,33,3
1767.1571,1207.8094,-0.943639,4.084000110626221,1.7300000190734863,ego,0,1,33,4
1764.5918,1230.5483,-3.7620912,5.5320000648498535,2.2660000324249268,25538bc4f4fc4606a772f0edbfea7250,1,1,33,0
1764.5918,1230.5483,-3.7620912,5.5320000648498535,2.2660000324249268,25538bc4f4fc4606a772f0edbfea7250,1,1,33,1
1764.5918,1230.5483,-3.7620912,5.5320000648498535,2.2660000324249268,25538bc4f4fc4606a772f0edbfea7250,1,1,33,2
1764.5918,1230.5483,-3.7620912,5.5320000648498535,2.2660000324249268,25538bc4f4fc4606a772f0edbfea7250,1,1,33,3
1764.5918,1230.5483,-3.7620912,5.5320000648498535,2.2660000324249268,25538bc4f4fc4606a772f0edbfea7250,1,1,33,4
1772.8956,1233.8704,-0.48033285,1.156000018119812,0.6940000057220459,6ed5e2dda54c4c2dadc867a63e69bd66,2,2,33,0
1772.8956,1233.8704,-0.48033285,1.156000018119812,0.6940000057220459,6ed5e2dda54c4c2dadc867a63e69bd66,2,2,33,1
1772.8956,1233.8704,-0.48033285,1.156000018119812,0.6940000057220459,6ed5e2dda54c4c2dadc867a63e69bd66,2,2,33,2
1772.8956,1233.8704,-0.48033285,1.156000018119812,0.6940000057220459,6ed5e2dda54c4c2dadc867a63e69bd66,2,2,33,3
1772.8956,1233.8704,-0.48033285,1.156000018119812,0.6940000057220459,6ed5e2dda54c4c2dadc867a63e69bd66,2,2,33,4
1748.4198,1246.6349,-3.7668328,4.644000053405762,2.0840001106262207,c2f0c60040474dc785e3d5a95d103875,3,1,33,0
1748.4198,1246.6349,-3.7668328,4.644000053405762,2.0840001106262207,c2f0c60040474dc785e3d5a95d103875,3,1,33,1
1748.4198,1246.6349,-3.7668328,4.644000053405762,2.0840001106262207,c2f0c60040474dc785e3d5a95d103875,3,1,33,2
1748.4198,1246.6349,-3.7668328,4.644000053405762,2.0840001106262207,c2f0c60040474dc785e3d5a95d103875,3,1,33,3
1748.4198,1246.6349,-3.7668328,4.644000053405762,2.0840001106262207,c2f0c60040474dc785e3d5a95d103875,3,1,33,4
1728.8939,1227.6754,-3.7788463,9.991999626159668,3.3510000705718994,a0281b5e78a341fba192058740d30513,4,1,33,0
1728.8939,1227.6754,-3.7788463,9.991999626159668,3.3510000705718994,a0281b5e78a341fba192058740d30513,4,1,33,1
1728.8939,1227.6754,-3.7788463,9.991999626159668,3.3510000705718994,a0281b5e78a341fba192058740d30513,4,1,33,2
1728.8939,1227.6754,-3.7788463,9.991999626159668,3.3510000705718994,a0281b5e78a341fba192058740d30513,4,1,33,3
1728.8939,1227.6754,-3.7788463,9.991999626159668,3.3510000705718994,a0281b5e78a341fba192058740d30513,4,1,33,4
1767.8406,1206.8477,-0.9623826,4.084000110626221,1.7300000190734863,ego,0,1,34,0
1767.8406,1206.8477,-0.9623826,4.084000110626221,1.7300000190734863,ego,0,1,34,1
1767.8406,1206.8477,-0.9623826,4.084000110626221,1.7300000190734863,ego,0,1,34,2
1767.8406,1206.8477,-0.9623826,4.084000110626221,1.7300000190734863,ego,0,1,34,3
1767.8406,1206.8477,-0.9623826,4.084000110626221,1.7300000190734863,ego,0,1,34,4
1763.1791,1231.5781,-3.7808347,5.5320000648498535,2.2660000324249268,25538bc4f4fc4606a772f0edbfea7250,1,1,34,0
1763.1791,1231.5781,-3.7808347,5.5320000648498535,2.2660000324249268,25538bc4f4fc4606a772f0edbfea7250,1,1,34,1
1763.1791,1231.5781,-3.7808347,5.5320000648498535,2.2660000324249268,25538bc4f4fc4606a772f0edbfea7250,1,1,34,2
1763.1791,1231.5781,-3.7808347,5.5320000648498535,2.2660000324249268,25538bc4f4fc4606a772f0edbfea7250,1,1,34,3
1763.1791,1231.5781,-3.7808347,5.5320000648498535,2.2660000324249268,25538bc4f4fc4606a772f0edbfea7250,1,1,34,4
1773.4858,1233.5576,-0.49408334,1.156000018119812,0.6940000057220459,6ed5e2dda54c4c2dadc867a63e69bd66,2,2,34,0
1773.4858,1233.5576,-0.49408334,1.156000018119812,0.6940000057220459,6ed5e2dda54c4c2dadc867a63e69bd66,2,2,34,1
1773.4858,1233.5576,-0.49408334,1.156000018119812,0.6940000057220459,6ed5e2dda54c4c2dadc867a63e69bd66,2,2,34,2
1773.4858,1233.5576,-0.49408334,1.156000018119812,0.6940000057220459,6ed5e2dda54c4c2dadc867a63e69bd66,2,2,34,3
1773.4858,1233.5576,-0.49408334,1.156000018119812,0.6940000057220459,6ed5e2dda54c4c2dadc867a63e69bd66,2,2,34,4
1748.437,1246.6223,-3.7855763,4.644000053405762,2.0840001106262207,c2f0c60040474dc785e3d5a95d103875,3,1,34,0
1748.437,1246.6223,-3.7855763,4.644000053405762,2.0840001106262207,c2f0c60040474dc785e3d5a95d103875,3,1,34,1
1748.437,1246.6223,-3.7855763,4.644000053405762,2.0840001106262207,c2f0c60040474dc785e3d5a95d103875,3,1,34,2
1748.437,1246.6223,-3.7855763,4.644000053405762,2.0840001106262207,c2f0c60040474dc785e3d5a95d103875,3,1,34,3
1748.437,1246.6223,-3.7855763,4.644000053405762,2.0840001106262207,c2f0c60040474dc785e3d5a95d103875,3,1,34,4
1729.0122,1227.5862,-3.7975898,9.991999626159668,3.3510000705718994,a0281b5e78a341fba192058740d30513,4,1,34,0
1729.0122,1227.5862,-3.7975898,9.991999626159668,3.3510000705718994,a0281b5e78a341fba192058740d30513,4,1,34,1
1729.0122,1227.5862,-3.7975898,9.991999626159668,3.3510000705718994,a0281b5e78a341fba192058740d30513,4,1,34,2
1729.0122,1227.5862,-3.7975898,9.991999626159668,3.3510000705718994,a0281b5e78a341fba192058740d30513,4,1,34,3
1729.0122,1227.5862,-3.7975898,9.991999626159668,3.3510000705718994,a0281b5e78a341fba192058740d30513,4,1,34,4
1768.5044,1205.8754,-0.9811262,4.084000110626221,1.7300000190734863,ego,0,1,35,0
1768.5044,1205.8754,-0.9811262,4.084000110626221,1.7300000190734863,ego,0,1,35,1
1768.5044,1205.8754,-0.9811262,4.084000110626221,1.7300000190734863,ego,0,1,35,2
1768.5044,1205.8754,-0.9811262,4.084000110626221,1.7300000190734863,ego,0,1,35,3
1768.5044,1205.8754,-0.9811262,4.084000110626221,1.7300000190734863,ego,0,1,35,4
1761.788,1232.6326,-3.7995782,5.5320000648498535,2.2660000324249268,25538bc4f4fc4606a772f0edbfea7250,1,1,35,0
1761.788,1232.6326,-3.7995782,5.5320000648498535,2.2660000324249268,25538bc4f4fc4606a772f0edbfea7250,1,1,35,1
1761.788,1232.6326,-3.7995782,5.5320000648498535,2.2660000324249268,25538bc4f4fc4606a772f0edbfea7250,1,1,35,2
1761.788,1232.6326,-3.7995782,5.5320000648498535,2.2660000324249268,25538bc4f4fc4606a772f0edbfea7250,1,1,35,3
1761.788,1232.6326,-3.7995782,5.5320000648498535,2.2660000324249268,25538bc4f4fc4606a772f0edbfea7250,1,1,35,4
1774.0751,1233.235,-0.50783384,1.156000018119812,0.6940000057220459,6ed5e2dda54c4c2dadc867a63e69bd66,2,2,35,0
1774.0751,1233.235,-0.50783384,1.156000018119812,0.6940000057220459,6ed5e2dda54c4c2dadc867a63e69bd66,2,2,35,1
1774.0751,1233.235,-0.50783384,1.156000018119812,0.6940000057220459,6ed5e2dda54c4c2dadc867a63e69bd66,2,2,35,2
1774.0751,1233.235,-0.50783384,1.156000018119812,0.6940000057220459,6ed5e2dda54c4c2dadc867a63e69bd66,2,2,35,3
1774.0751,1233.235,-0.50783384,1.156000018119812,0.6940000057220459,6ed5e2dda54c4c2dadc867a63e69bd66,2,2,35,4
1748.456,1246.6077,-3.8043199,4.644000053405762,2.0840001106262207,c2f0c60040474dc785e3d5a95d103875,3,1,35,0
1748.456,1246.6077,-3.8043199,4.644000053405762,2.0840001106262207,c2f0c60040474dc785e3d5a95d103875,3,1,35,1
1748.456,1246.6077,-3.8043199,4.644000053405762,2.0840001106262207,c2f0c60040474dc785e3d5a95d103875,3,1,35,2
1748.456,1246.6077,-3.8043199,4.644000053405762,2.0840001106262207,c2f0c60040474dc785e3d5a95d103875,3,1,35,3
1748.456,1246.6077,-3.8043199,4.644000053405762,2.0840001106262207,c2f0c60040474dc785e3d5a95d103875,3,1,35,4
1729.1309,1227.4929,-3.8163333,9.991999626159668,3.3510000705718994,a0281b5e78a341fba192058740d30513,4,1,35,0
1729.1309,1227.4929,-3.8163333,9.991999626159668,3.3510000705718994,a0281b5e78a341fba192058740d30513,4,1,35,1
1729.1309,1227.4929,-3.8163333,9.991999626159668,3.3510000705718994,a0281b5e78a341fba192058740d30513,4,1,35,2
1729.1309,1227.4929,-3.8163333,9.991999626159668,3.3510000705718994,a0281b5e78a341fba192058740d30513,4,1,35,3
1729.1309,1227.4929,-3.8163333,9.991999626159668,3.3510000705718994,a0281b5e78a341fba192058740d30513,4,1,35,4
1769.1483,1204.8932,-0.9998698,4.084000110626221,1.7300000190734863,ego,0,1,36,0
1769.1483,1204.8932,-0.9998698,4.084000110626221,1.7300000190734863,ego,0,1,36,1
1769.1483,1204.8932,-0.9998698,4.084000110626221,1.7300000190734863,ego,0,1,36,2
1769.1483,1204.8932,-0.9998698,4.084000110626221,1.7300000190734863,ego,0,1,36,3
1769.1483,1204.8932,-0.9998698,4.084000110626221,1.7300000190734863,ego,0,1,36,4
1760.4191,1233.7112,-3.8183217,5.5320000648498535,2.2660000324249268,25538bc4f4fc4606a772f0edbfea7250,1,1,36,0
1760.4191,1233.7112,-3.8183217,5.5320000648498535,2.2660000324249268,25538bc4f4fc4606a772f0edbfea7250,1,1,36,1
1760.4191,1233.7112,-3.8183217,5.5320000648498535,2.2660000324249268,25538bc4f4fc4606a772f0edbfea7250,1,1,36,2
1760.4191,1233.7112,-3.8183217,5.5320000648498535,2.2660000324249268,25538bc4f4fc4606a772f0edbfea7250,1,1,36,3
1760.4191,1233.7112,-3.8183217,5.5320000648498535,2.2660000324249268,25538bc4f4fc4606a772f0edbfea7250,1,1,36,4
1774.6631,1232.9025,-0.52158433,1.156000018119812,0.6940000057220459,6ed5e2dda54c4c2dadc867a63e69bd66,2,2,36,0
1774.6631,1232.9025,-0.52158433,1.156000018119812,0.6940000057220459,6ed5e2dda54c4c2dadc867a63e69bd66,2,2,36,1
1774.6631,1232.9025,-0.52158433,1.156000018119812,0.6940000057220459,6ed5e2dda54c4c2dadc867a63e69bd66,2,2,36,2
1774.6631,1232.9025,-0.52158433,1.156000018119812,0.6940000057220459,6ed5e2dda54c4c2dadc867a63e69bd66,2,2,36,3
1774.6631,1232.9025,-0.52158433,1.156000018119812,0.6940000057220459,6ed5e2dda54c4c2dadc867a63e69bd66,2,2,36,4
1748.4772,1246.591,-3.8230634,4.644000053405762,2.0840001106262207,c2f0c60040474dc785e3d5a95d103875,3,1,36,0
1748.4772,1246.591,-3.8230634,4.644000053405762,2.0840001106262207,c2f0c60040474dc785e3d5a95d103875,3,1,36,1
1748.4772,1246.591,-3.8230634,4.644000053405762,2.0840001106262207,c2f0c60040474dc785e3d5a95d103875,3,1,36,2
1748.4772,1246.591,-3.8230634,4.644000053405762,2.0840001106262207,c2f0c60040474dc785e3d5a95d103875,3,1,36,3
1748.4772,1246.591,-3.8230634,4.644000053405762,2.0840001106262207,c2f0c60040474dc785e3d5a95d103875,3,1,36,4
1729.25,1227.3959,-3.8350768,9.991999626159668,3.3510000705718994,a0281b5e78a341fba192058740d30513,4,1,36,0
1729.25,1227.3959,-3.8350768,9.991999626159668,3.3510000705718994,a0281b5e78a341fba192058740d30513,4,1,36,1
1729.25,1227.3959,-3.8350768,9.991999626159668,3.3510000705718994,a0281b5e78a341fba192058740d30513,4,1,36,2
1729.25,1227.3959,-3.8350768,9.991999626159668,3.3510000705718994,a0281b5e78a341fba192058740d30513,4,1,36,3
1729.25,1227.3959,-3.8350768,9.991999626159668,3.3510000705718994,a0281b5e78a341fba192058740d30513,4,1,36,4
1769.7722,1203.9015,-1.0186135,4.084000110626221,1.7300000190734863,ego,0,1,37,0
1769.7722,1203.9015,-1.0186135,4.084000110626221,1.7300000190734863,ego,0,1,37,1
1769.7722,1203.9015,-1.0186135,4.084000110626221,1.7300000190734863,ego,0,1,37,2
1769.7722,1203.9015,-1.0186135,4.084000110626221,1.7300000190734863,ego,0,1,37,3
1769.7722,1203.9015,-1.0186135,4.084000110626221,1.7300000190734863,ego,0,1,37,4
1759.0729,1234.8135,-3.8370652,5.5320000648498535,2.2660000324249268,25538bc4f4fc4606a772f0edbfea7250,1,1,37,0
1759.0729,1234.8135,-3.8370652,5.5320000648498535,2.2660000324249268,25538bc4f4fc4606a772f0edbfea7250,1,1,37,1
1759.0729,1234.8135,-3.8370652,5.5320000648498535,2.2660000324249268,25538bc4f4fc4606a772f0edbfea7250,1,1,37,2
1759.0729,1234.8135,-3.8370652,5.5320000648498535,2.2660000324249268,25538bc4f4fc4606a772f0edbfea7250,1,1,37,3
1759.0729,1234.8135,-3.8370652,5.5320000648498535,2.2660000324249268,25538bc4f4fc4606a772f0edbfea7250,1,1,37,4
1775.2499,1232.5598,-0.5353348,1.156000018119812,0.6940000057220459,6ed5e2dda54c4c2dadc867a63e69bd66,2,2,37,0
1775.2499,1232.5598,-0.5353348,1.156000018119812,0.6940000057220459,6ed5e2dda54c4c2dadc867a63e69bd66,2,2,37,1
1775.2499,1232.5598,-0.5353348,1.156000018119812,0.6940000057220459,6ed5e2dda54c4c2dadc867a63e69bd66,2,2,37,2
1775.2499,1232.5598,-0.5353348,1.156000018119812,0.6940000057220459,6ed5e2dda54c4c2dadc867a63e69bd66,2,2,37,3
1775.2499,1232.5598,-0.5353348,1.156000018119812,0.6940000057220459,6ed5e2dda54c4c2dadc867a63e69bd66,2,2,37,4
1748.4999,1246.572,-3.841807,4.644000053405762,2.0840001106262207,c2f0c60040474dc785e3d5a95d103875,3,1,37,0
1748.4999,1246.572,-3.841807,4.644000053405762,2.0840001106262207,c2f0c60040474dc785e3d5a95d103875,3,1,37,1
1748.4999,1246.572,-3.841807,4.644000053405762,2.0840001106262207,c2f0c60040474dc785e3d5a95d103875,3,1,37,2
1748.4999,1246.572,-3.841807,4.644000053405762,2.0840001106262207,c2f0c60040474dc785e3d5a95d103875,3,1,37,3
1748.4999,1246.572,-3.841807,4.644000053405762,2.0840001106262207,c2f0c60040474dc785e3d5a95d103875,3,1,37,4
1729.3694,1227.2948,-3.8538203,9.991999626159668,3.3510000705718994,a0281b5e78a341fba192058740d30513,4,1,37,0
1729.3694,1227.2948,-3.8538203,9.991999626159668,3.3510000705718994,a0281b5e78a341fba192058740d30513,4,1,37,1
1729.3694,1227.2948,-3.8538203,9.991999626159668,3.3510000705718994,a0281b5e78a341fba192058740d30513,4,1,37,2
1729.3694,1227.2948,-3.8538203,9.991999626159668,3.3510000705718994,a0281b5e78a341fba192058740d30513,4,1,37,3
1729.3694,1227.2948,-3.8538203,9.991999626159668,3.3510000705718994,a0281b5e78a341fba192058740d30513,4,1,37,4
1770.3761,1202.9005,-1.0373571,4.084000110626221,1.7300000190734863,ego,0,1,38,0
1770.3761,1202.9005,-1.0373571,4.084000110626221,1.7300000190734863,ego,0,1,38,1
1770.3761,1202.9005,-1.0373571,4.084000110626221,1.7300000190734863,ego,0,1,38,2
1770.3761,1202.9005,-1.0373571,4.084000110626221,1.7300000190734863,ego,0,1,38,3
1770.3761,1202.9005,-1.0373571,4.084000110626221,1.7300000190734863,ego,0,1,38,4
1757.7495,1235.9391,-3.8558087,5.5320000648498535,2.2660000324249268,25538bc4f4fc4606a772f0edbfea7250,1,1,38,0
1757.7495,1235.9391,-3.8558087,5.5320000648498535,2.2660000324249268,25538bc4f4fc4606a772f0edbfea7250,1,1,38,1
1757.7495,1235.9391,-3.8558087,5.5320000648498535,2.2660000324249268,25538bc4f4fc4606a772f0edbfea7250,1,1,38,2
1757.7495,1235.9391,-3.8558087,5.5320000648498535,2.2660000324249268,25538bc4f4fc4606a772f0edbfea7250,1,1,38,3
1757.7495,1235.9391,-3.8558087,5.5320000648498535,2.2660000324249268,25538bc4f4fc4606a772f0edbfea7250,1,1,38,4
1775.8351,1232.2073,-0.5490853,1.156000018119812,0.6940000057220459,6ed5e2dda54c4c2dadc867a63e69bd66,2,2,38,0
1775.8351,1232.2073,-0.5490853,1.156000018119812,0.6940000057220459,6ed5e2dda54c4c2dadc867a63e69bd66,2,2,38,1
1775.8351,1232.2073,-0.5490853,1.156000018119812,0.6940000057220459,6ed5e2dda54c4c2dadc867a63e69bd66,2,2,38,2
1775.8351,1232.2073,-0.5490853,1.156000018119812,0.6940000057220459,6ed5e2dda54c4c2dadc867a63e69bd66,2,2,38,3
1775.8351,1232.2073,-0.5490853,1.156000018119812,0.6940000057220459,6ed5e2dda54c4c2dadc867a63e69bd66,2,2,38,4
1748.5244,1246.551,-3.8605504,4.644000053405762,2.0840001106262207,c2f0c60040474dc785e3d5a95d103875,3,1,38,0
1748.5244,1246.551,-3.8605504,4.644000053405762,2.0840001106262207,c2f0c60040474dc785e3d5a95d103875,3,1,38,1
1748.5244,1246.551,-3.8605504,4.644000053405762,2.0840001106262207,c2f0c60040474dc785e3d5a95d103875,3,1,38,2
1748.5244,1246.551,-3.8605504,4.644000053405762,2.0840001106262207,c2f0c60040474dc785e3d5a95d103875,3,1,38,3
1748.5244,1246.551,-3.8605504,4.644000053405762,2.0840001106262207,c2f0c60040474dc785e3d5a95d103875,3,1,38,4
1729.4888,1227.1896,-3.8725638,9.991999626159668,3.3510000705718994,a0281b5e78a341fba192058740d30513,4,1,38,0
1729.4888,1227.1896,-3.8725638,9.991999626159668,3.3510000705718994,a0281b5e78a341fba192058740d30513,4,1,38,1
1729.4888,1227.1896,-3.8725638,9.991999626159668,3.3510000705718994,a0281b5e78a341fba192058740d30513,4,1,38,2
1729.4888,1227.1896,-3.8725638,9.991999626159668,3.3510000705718994,a0281b5e78a341fba192058740d30513,4,1,38,3
1729.4888,1227.1896,-3.8725638,9.991999626159668,3.3510000705718994,a0281b5e78a341fba192058740d30513,4,1,38,4
1770.9596,1201.8907,-1.0561007,4.084000110626221,1.7300000190734863,ego,0,1,39,0
1770.9596,1201.8907,-1.0561007,4.084000110626221,1.7300000190734863,ego,0,1,39,1
1770.9596,1201.8907,-1.0561007,4.084000110626221,1.7300000190734863,ego,0,1,39,2
1770.9596,1201.8907,-1.0561007,4.084000110626221,1.7300000190734863,ego,0,1,39,3
1770.9596,1201.8907,-1.0561007,4.084000110626221,1.7300000190734863,ego,0,1,39,4
1756.4496,1237.0875,-3.8745522,5.5320000648498535,2.2660000324249268,25538bc4f4fc4606a772f0edbfea7250,1,1,39,0
1756.4496,1237.0875,-3.8745522,5.5320000648498535,2.2660000324249268,25538bc4f4fc4606a772f0edbfea7250,1,1,39,1
1756.4496,1237.0875,-3.8745522,5.5320000648498535,2.2660000324249268,25538bc4f4fc4606a772f0edbfea7250,1,1,39,2
1756.4496,1237.0875,-3.8745522,5.5320000648498535,2.2660000324249268,25538bc4f4fc4606a772f0edbfea7250,1,1,39,3
1756.4496,1237.0875,-3.8745522,5.5320000648498535,2.2660000324249268,25538bc4f4fc4606a772f0edbfea7250,1,1,39,4
1776.4186,1231.8447,-0.5628358,1.156000018119812,0.6940000057220459,6ed5e2dda54c4c2dadc867a63e69bd66,2,2,39,0
1776.4186,1231.8447,-0.5628358,1.156000018119812,0.6940000057220459,6ed5e2dda54c4c2dadc867a63e69bd66,2,2,39,1
1776.4186,1231.8447,-0.5628358,1.156000018119812,0.6940000057220459,6ed5e2dda54c4c2dadc867a63e69bd66,2,2,39,2
1776.4186,1231.8447,-0.5628358,1.156000018119812,0.6940000057220459,6ed5e2dda54c4c2dadc867a63e69bd66,2,2,39,3
1776.4186,1231.8447,-0.5628358,1.156000018119812,0.6940000057220459,6ed5e2dda54c4c2dadc867a63e69bd66,2,2,39,4
1748.5507,1246.5277,-3.879294,4.644000053405762,2.0840001106262207,c2f0c60040474dc785e3d5a95d103875,3,1,39,0
1748.5507,1246.5277,-3.879294,4.644000053405762,2.0840001106262207,c2f0c60040474dc785e3d5a95d103875,3,1,39,1
1748.5507,1246.5277,-3.879294,4.644000053405762,2.0840001106262207,c2f0c60040474dc785e3d5a95d103875,3,1,39,2
1748.5507,1246.5277,-3.879294,4.644000053405762,2.0840001106262207,c2f0c60040474dc785e3d5a95d103875,3,1,39,3
1748.5507,1246.5277,-3.879294,4.644000053405762,2.0840001106262207,c2f0c60040474dc785e3d5a95d103875,3,1,39,4
1729.6083,1227.0804,-3.8913074,9.991999626159668,3.3510000705718994,a0281b5e78a341fba192058740d30513,4,1,39,0
1729.6083,1227.0804,-3.8913074,9.991999626159668,3.3510000705718994,a0281b5e78a341fba192058740d30513,4,1,39,1
1729.6083,1227.0804,-3.8913074,9.991999626159668,3.3510000705718994,a0281b5e78a341fba192058740d30513,4,1,39,2
1729.6083,1227.0804,-3.8913074,9.991999626159668,3.3510000705718994,a0281b5e78a341fba192058740d30513,4,1,39,3
1729.6083,1227.0804,-3.8913074,9.991999626159668,3.3510000705718994,a0281b5e78a341fba192058740d30513,4,1,39,4
1771.5228,1200.8727,-1.0748444,4.084000110626221,1.7300000190734863,ego,0,1,40,0
1771.5228,1200.8727,-1.0748444,4.084000110626221,1.7300000190734863,ego,0,1,40,1
1771.5228,1200.8727,-1.0748444,4.084000110626221,1.7300000190734863,ego,0,1,40,2
1771.5228,1200.8727,-1.0748444,4.084000110626221,1.7300000190734863,ego,0,1,40,3
1771.5228,1200.8727,-1.0748444,4.084000110626221,1.7300000190734863,ego,0,1,40,4
1755.1735,1238.2582,-3.8932958,5.5320000648498535,2.2660000324249268,25538bc4f4fc4606a772f0edbfea7250,1,1,40,0
1755.1735,1238.2582,-3.8932958,5.5320000648498535,2.2660000324249268,25538bc4f4fc4606a772f0edbfea7250,1,1,40,1
1755.1735,1238.2582,-3.8932958,5.5320000648498535,2.2660000324249268,25538bc4f4fc4606a772f0edbfea7250,1,1,40,2
1755.1735,1238.2582,-3.8932958,5.5320000648498535,2.2660000324249268,25538bc4f4fc4606a772f0edbfea7250,1,1,40,3
1755.1735,1238.2582,-3.8932958,5.5320000648498535,2.2660000324249268,25538bc4f4fc4606a772f0edbfea7250,1,1,40,4
1777.0004,1231.472,-0.5765863,1.156000018119812,0.6940000057220459,6ed5e2dda54c4c2dadc867a63e69bd66,2,2,40,0
1777.0004,1231.472,-0.5765863,1.156000018119812,0.6940000057220459,6ed5e2dda54c4c2dadc867a63e69bd66,2,2,40,1
1777.0004,1231.472,-0.5765863,1.156000018119812,0.6940000057220459,6ed5e2dda54c4c2dadc867a63e69bd66,2,2,40,2
1777.0004,1231.472,-0.5765863,1.156000018119812,0.6940000057220459,6ed5e2dda54c4c2dadc867a63e69bd66,2,2,40,3
1777.0004,1231.472,-0.5765863,1.156000018119812,0.6940000057220459,6ed5e2dda54c4c2dadc867a63e69bd66,2,2,40,4
1748.5784,1246.502,-3.8980374,4.644000053405762,2.0840001106262207,c2f0c60040474dc785e3d5a95d103875,3,1,40,0
1748.5784,1246.502,-3.8980374,4.644000053405762,2.0840001106262207,c2f0c60040474dc785e3d5a95d103875,3,1,40,1
1748.5784,1246.502,-3.8980374,4.644000053405762,2.0840001106262207,c2f0c60040474dc785e3d5a95d103875,3,1,40,2
1748.5784,1246.502,-3.8980374,4.644000053405762,2.0840001106262207,c2f0c60040474dc785e3d5a95d103875,3,1,40,3
1748.5784,1246.502,-3.8980374,4.644000053405762,2.0840001106262207,c2f0c60040474dc785e3d5a95d103875,3,1,40,4
1729.7278,1226.9672,-3.9100509,9.991999626159668,3.3510000705718994,a0281b5e78a341fba192058740d30513,4,1,40,0
1729.7278,1226.9672,-3.9100509,9.991999626159668,3.3510000705718994,a0281b5e78a341fba192058740d30513,4,1,40,1
1729.7278,1226.9672,-3.9100509,9.991999626159668,3.3510000705718994,a0281b5e78a341fba192058740d30513,4,1,40,2
1729.7278,1226.9672,-3.9100509,9.991999626159668,3.3510000705718994,a0281b5e78a341fba192058740d30513,4,1,40,3
1729.7278,1226.9672,-3.9100509,9.991999626159668,3.3510000705718994,a0281b5e78a341fba192058740d30513,4,1,40,4
